0,1,2,3,4,5,6,7,8,9,10,11,12,13
N. científico,Reino,División,Clase,Órden,Familia,Género,Especie,N. común,N. inglés,Título,CC,Otros nombres,Garrigues
Accipiter bicolor,Animalia,Chordata,Aves,Accipitriformes,Accipitridae ,Accipiter,bicolor,Gavilán Bicolor,Bicolored Hawk,"Accipiter bicolor, Bicolored Hawk, Gavilán Bicolor",,,100
Accipiter poliogaster,Animalia,Chordata,Aves,Accipitriformes,Accipitridae ,Accipiter,poliogaster,Gavilán Vientrigris,Gray-bellied Hawk,"Accipiter poliogaster, Gray-bellied Hawk, Gavilán Vientrigris",,,100
Aegolius ridgwayi,Animalia,Chordata,Aves,Accipitriformes,Strigidae ,Aegolius,ridgwayi,Lechucita Parda,Unspotted Saw-whet Owl,"Aegolius ridgwayi, Unspotted Saw-whet Owl, Lechucita Parda",,,122
Amaurolimnas concolor,Animalia,Chordata,Aves,Gruiformes,Rallidae ,Amaurolimnas,concolor,Rascón Café,Uniform Crake,"Amaurolimnas concolor, Uniform Crake, Rascón Café",,,86
Amazilia amabilis,Animalia,Chordata,Aves,Apodiformes,Trochilidae ,Amazilia,amabilis,Amazilia Pechiazul,Blue-chested Hummingbird,"Amazilia amabilis, Blue-chested Hummingbird, Amazilia Pechiazul",,,144
Amazona autumnalis,Animalia,Chordata,Aves,Psittaciformes,Psittacidae ,Amazona,autumnalis,Loro Frentirrojo,Red-lored Parrot,"Amazona autumnalis, Red-lored Parrot, Loro Frentirrojo",,,172
Anous minutus,Animalia,Chordata,Aves,Charadriiformes,Laridae ,Anous,minutus,Tiñosa Negra ,Black Noddy,"Anous minutus, Black Noddy, Tiñosa Negra ",,Charrán Negro Pequeño,368
Antrostomus carolinensis,Animalia,Chordata,Aves,Caprimulgiformes,Caprimulgidae ,Antrostomus,carolinensis,Chotacabras de Paso,Chuck-will's-widow,"Antrostomus carolinensis, Chuck-will's-widow, Chotacabras de Paso",,,126
Antrostomus rufus,Animalia,Chordata,Aves,Caprimulgiformes,Caprimulgidae ,Antrostomus,rufus,Chotacabras Rojizo,Rufous Nightjar,"Antrostomus rufus, Rufous Nightjar, Chotacabras Rojizo",,,126
Antrostomus vociferus,Animalia,Chordata,Aves,Caprimulgiformes,Caprimulgidae ,Antrostomus,vociferus,Chotacabras Norteño,Eastern Whip-poor-will,"Antrostomus vociferus, Eastern Whip-poor-will, Chotacabras Norteño",,,126
Aphanotriccus capitalis,Animalia,Chordata,Aves,Passeriformes,Tyrannidae ,Aphanotriccus,capitalis,Mosquerito Pechileonado,Tawny-chested Flycatcher,"Aphanotriccus capitalis, Tawny-chested Flycatcher, Mosquerito Pechileonado",,,236
Aramides axillaris,Animalia,Chordata,Aves,Gruiformes,Rallidae ,Aramides,axillaris,Rascón Cuellirrufo,Rufous-necked Wood-Rail,"Aramides axillaris, Rufous-necked Wood-Rail, Rascón Cuellirrufo",,,90
Ardea alba,Animalia,Chordata,Aves,Pelecaniformes,Ardeidae ,Ardea,alba,Garceta Grande,Great Egret,"Ardea alba, Great Egret, Garceta Grande",,Garza Real,60
Arremon costaricensis,Animalia,Chordata,Aves,Passeriformes,Emberizidae ,Arremon,costaricensis,Saltón Costarricense,Costa Rican Brushfinch ,"Arremon costaricensis, Costa Rican Brushfinch , Saltón Costarricense",,,334
Aythya affinis,Animalia,Chordata,Aves,Anseriformes,Anatidae ,Aythya,affinis,Porrón Menor,Lesser Scaup,"Aythya affinis, Lesser Scaup, Porrón Menor",,,32
Aythya americana,Animalia,Chordata,Aves,Anseriformes,Anatidae ,Aythya,americana,Porrón Americano,Redhead,"Aythya americana, Redhead, Porrón Americano",,,373
Aythya collaris,Animalia,Chordata,Aves,Anseriformes,Anatidae ,Aythya,collaris,Porrón Collarejo,Ring-necked Duck,"Aythya collaris, Ring-necked Duck, Porrón Collarejo",,,32
Bartramia longicauda,Animalia,Chordata,Aves,Charadriiformes,Scolopacidae ,Bartramia,longicauda,Pradero ,Upland Sandpiper,"Bartramia longicauda, Upland Sandpiper, Pradero ",,Gansa,76
Bolborhynchus lineola,Animalia,Chordata,Aves,Psittaciformes,Psittacidae ,Bolborhynchus,lineola,Perico Listado,Barred Parakeet,"Bolborhynchus lineola, Barred Parakeet, Perico Listado",,,170
Busarellus nigricollis,Animalia,Chordata,Aves,Accipitriformes,Accipitridae ,Busarellus,nigricollis,Gavilán de Ciénega,Black-collared Hawk,"Busarellus nigricollis, Black-collared Hawk, Gavilán de Ciénega",,Gavilán Pescador,94
Buteo nitidus,Animalia,Chordata,Aves,Accipitriformes,Accipitridae ,Buteo,nitidus,Gavilán Gris Rayado ,Gray-lined Hawk,"Buteo nitidus, Gray-lined Hawk, Gavilán Gris Rayado ",,Gavilán Pollero,104
Buteogallus solitarius,Animalia,Chordata,Aves,Accipitriformes,Accipitridae ,Buteogallus,solitarius,Águila Solitaria,Solitary Eagle,"Buteogallus solitarius, Solitary Eagle, Águila Solitaria",,,106
Butorides striata,Animalia,Chordata,Aves,Pelecaniformes,Ardeidae ,Butorides,striata,Garcilla Cuelligrís,Striated Heron,"Butorides striata, Striated Heron, Garcilla Cuelligrís",,"Chocuaco, Martín Peña",58
Calidris alba,Animalia,Chordata,Aves,Charadriiformes,Scolopacidae ,Calidris,alba,Playero Arenero,Sanderling,"Calidris alba, Sanderling, Playero Arenero",,,78
Calidris bairdii,Animalia,Chordata,Aves,Charadriiformes,Scolopacidae ,Calidris,bairdii,Correlimos de Baird ,Baird's Sandpiper,"Calidris bairdii, Baird's Sandpiper, Correlimos de Baird ",,"Patudo, Becacina",80
Calidris pusilla,Animalia,Chordata,Aves,Charadriiformes,Scolopacidae ,Calidris,pusilla,Correlimos Semipalmado,Semipalmated Sandpiper,"Calidris pusilla, Semipalmated Sandpiper, Correlimos Semipalmado",,,78
Calidris virgata,Animalia,Chordata,Aves,Charadriiformes,Scolopacidae ,Calidris,virgata,Chorlito de Rompientes,Surfbird,"Calidris virgata, Surfbird, Chorlito de Rompientes",,,76
Calocitta formosa,Animalia,Chordata,Aves,Passeriformes,Corvidae ,Calocitta,formosa,Urraca Copetona ,White-throated Magpie-Jay,"Calocitta formosa, White-throated Magpie-Jay, Urraca Copetona ",,"Urraca, Piapia Azul ",264
Campephilus guatemalensis,Animalia,Chordata,Aves,Piciformes,Picidae ,Campephilus,guatemalensis,Carpintero Picoplata ,Pale-billed Woodpecker,"Campephilus guatemalensis, Pale-billed Woodpecker, Carpintero Picoplata ",,"Dos Golpes, Carpintero Chiricano",198
Capsiempis flaveola,Animalia,Chordata,Aves,Passeriformes,Tyrannidae ,Capsiempis,flaveola,Mosquerito Amarillo,Yellow Tyrannulet,"Capsiempis flaveola, Yellow Tyrannulet, Mosquerito Amarillo",,,226
Catharus aurantiirostris,Animalia,Chordata,Aves,Passeriformes,Turdidae ,Catharus,aurantiirostris,Zorzal Piquianaranjado ,Orange-billed Nightingale-Thrush,"Catharus aurantiirostris, Orange-billed Nightingale-Thrush, Zorzal Piquianaranjado ",,"Jilguerillo de Charral, Inglesito",266
Catharus frantzii,Animalia,Chordata,Aves,Passeriformes,Turdidae ,Catharus,frantzii,Zorzal Gorrirojizo ,Ruddy-capped Nightingale-Thrush,"Catharus frantzii, Ruddy-capped Nightingale-Thrush, Zorzal Gorrirojizo ",,"Jilguerillo de Montaña, Jilguerillo de Ronda",266
Catharus mexicanus,Animalia,Chordata,Aves,Passeriformes,Turdidae ,Catharus,mexicanus,Zorzal Cabecinegro,Black-headed Nightingale-Thrush,"Catharus mexicanus, Black-headed Nightingale-Thrush, Zorzal Cabecinegro",,,266
Chaetura cinereiventris,Animalia,Chordata,Aves,Apodiformes,Apodidae ,Chaetura,cinereiventris,Vencejo Lomigrís,Gray-rumped Swift,"Chaetura cinereiventris, Gray-rumped Swift, Vencejo Lomigrís",,,132
Charadrius collaris,Animalia,Chordata,Aves,Charadriiformes,Charadriidae ,Charadrius,collaris,Chorlitejo Collarejo ,Collared Plover,"Charadrius collaris, Collared Plover, Chorlitejo Collarejo ",,Turillo,70
Chlidonias niger,Animalia,Chordata,Aves,Charadriiformes,Laridae ,Chlidonias,niger,Charrancito Negro,Black Tern,"Chlidonias niger, Black Tern, Charrancito Negro",,,52
Chloroceryle americana,Animalia,Chordata,Aves,Coraciiformes,Alcedinidae ,Chloroceryle,americana,Martín Pescador Verde,Green Kingfisher,"Chloroceryle americana, Green Kingfisher, Martín Pescador Verde",,,186
Chlorostilbon assimilis,Animalia,Chordata,Aves,Apodiformes,Trochilidae ,Chlorostilbon,assimilis,Colibrí Esmeralda Jardinero,Garden Emerald,"Chlorostilbon assimilis, Garden Emerald, Colibrí Esmeralda Jardinero",,,146
Chordeiles minor,Animalia,Chordata,Aves,Caprimulgiformes,Caprimulgidae ,Chordeiles,minor,Añapero Zumbón,Common Nighthawk,"Chordeiles minor, Common Nighthawk, Añapero Zumbón",,,128
Chroicocephalus philadelphia,Animalia,Chordata,Aves,Charadriiformes,Laridae ,Chroicocephalus,philadelphia,Gaviota de Bonaparte,Bonaparte’s Gull,"Chroicocephalus philadelphia, Bonaparte’s Gull, Gaviota de Bonaparte",,,378
Cinclus mexicanus,Animalia,Chordata,Aves,Passeriformes,Cinclidae ,Cinclus,mexicanus,Mirlo Acuático Plomizo,American Dipper,"Cinclus mexicanus, American Dipper, Mirlo Acuático Plomizo",,,270
Circus cyaneus,Animalia,Chordata,Aves,Accipitriformes,Accipitridae ,Circus,cyaneus,Aguilucho Norteño,Northern Harrier,"Circus cyaneus, Northern Harrier, Aguilucho Norteño",,,94
Claravis pretiosa,Animalia,Chordata,Aves,Columbiformes,Columbidae ,Claravis,pretiosa,Tortolita Azulada,Blue Ground-Dove,"Claravis pretiosa, Blue Ground-Dove, Tortolita Azulada",,,164
Clibanornis rubiginosus,Animalia,Chordata,Aves,Passeriformes,Furnariidae ,Clibanornis,rubiginosus,Hojarrasquero Rojizo,Ruddy Foliage-gleaner,"Clibanornis rubiginosus, Ruddy Foliage-gleaner, Hojarrasquero Rojizo",,,
Coccyzus americanus,Animalia,Chordata,Aves,Cuculiformes,Cuculidae ,Coccyzus,americanus,Cuclillo Piquigualdo,Yellow-billed Cuckoo,"Coccyzus americanus, Yellow-billed Cuckoo, Cuclillo Piquigualdo",,,174
Coccyzus minor,Animalia,Chordata,Aves,Cuculiformes,Cuculidae ,Coccyzus,minor,Cuclillo de Antifaz,Mangrove Cuckoo,"Coccyzus minor, Mangrove Cuckoo, Cuclillo de Antifaz",,,174
Colaptes rubiginosus,Animalia,Chordata,Aves,Piciformes,Picidae ,Colaptes,rubiginosus,Carpintero Verde Dorado,Golden-olive Woodpecker,"Colaptes rubiginosus, Golden-olive Woodpecker, Carpintero Verde Dorado",,,196
Colinus cristatus,Animalia,Chordata,Aves,Galliformes,Odontophoridae ,Colinus,cristatus,Codorniz Crestada ,Crested Bobwhite,"Colinus cristatus, Crested Bobwhite, Codorniz Crestada ",,Codorniz de Monte,30
Columbina inca,Animalia,Chordata,Aves,Columbiformes,Columbidae ,Columbina,inca,Tortolita Colilarga ,Inca Dove,"Columbina inca, Inca Dove, Tortolita Colilarga ",,"San Juan, Tórtola",162
Columbina minuta,Animalia,Chordata,Aves,Columbiformes,Columbidae ,Columbina,minuta,Tortolita Menuda ,Plain-breasted Ground-Dove,"Columbina minuta, Plain-breasted Ground-Dove, Tortolita Menuda ",,"Tortolita, Conchita",162
Columbina passerina,Animalia,Chordata,Aves,Columbiformes,Columbidae ,Columbina,passerina,Tortolita Común ,Common Ground-Dove,"Columbina passerina, Common Ground-Dove, Tortolita Común ",,"Tortolita, Palomita",162
Conopias albovittatus,Animalia,Chordata,Aves,Passeriformes,Tyrannidae ,Conopias,albovittatus,Mosquero Cabecianillado ,White-ringed Flycatcher,"Conopias albovittatus, White-ringed Flycatcher, Mosquero Cabecianillado ",,Pecho Amarillo,248
Contopus ochraceus,Animalia,Chordata,Aves,Passeriformes,Tyrannidae ,Contopus,ochraceus,Pibí Ocráceo ,Ochraceous Pewee,"Contopus ochraceus, Ochraceous Pewee, Pibí Ocráceo ",,Tontillo ,240
Contopus virens,Animalia,Chordata,Aves,Passeriformes,Tyrannidae ,Contopus,virens,Pibí Oriental ,Eastern Wood-Pewee,"Contopus virens, Eastern Wood-Pewee, Pibí Oriental ",,"Tontillo, Piguí ",240
Crax rubra,Animalia,Chordata,Aves,Galliformes,Cracidae ,Crax,rubra,Pavón Grande ,Great Curassow,"Crax rubra, Great Curassow, Pavón Grande ",,"Pavón, Granadera",26
Crotophaga major,Animalia,Chordata,Aves,Cuculiformes,Cuculidae ,Crotophaga,major,Garrapatero Mayor ,Greater Ani,"Crotophaga major, Greater Ani, Garrapatero Mayor ",,Tijo,176
Crypturellus boucardi,Animalia,Chordata,Aves,Tinamiformes,Tinamidae ,Crypturellus,boucardi,Tinamú Pizarroso ,Slaty-breasted Tinamou,"Crypturellus boucardi, Slaty-breasted Tinamou, Tinamú Pizarroso ",,Gallina de monte Patirroja,24
Crypturellus cinnamomeus,Animalia,Chordata,Aves,Tinamiformes,Tinamidae ,Crypturellus,cinnamomeus,Tinamú Canelo ,Thicket Tinamou,"Crypturellus cinnamomeus, Thicket Tinamou, Tinamú Canelo ",,"Gallina de monte, Gongolona, Perdiz",24
Cyanocorax affinis,Animalia,Chordata,Aves,Passeriformes,Corvidae ,Cyanocorax,affinis,Urraca Pechinegra,Black-chested Jay,"Cyanocorax affinis, Black-chested Jay, Urraca Pechinegra",,,264
Cypseloides niger,Animalia,Chordata,Aves,Apodiformes,Apodidae ,Cypseloides,niger,Vencejo Negro,Black Swift,"Cypseloides niger, Black Swift, Vencejo Negro",,,130
Dendrocygna bicolor,Animalia,Chordata,Aves,Anseriformes,Anatidae ,Dendrocygna,bicolor,Pijije Canelo ,Fulvous Whistling-Duck,"Dendrocygna bicolor, Fulvous Whistling-Duck, Pijije Canelo ",,Piche Canelo ,32
Dendrortyx leucophrys,Animalia,Chordata,Aves,Galliformes,Odontophoridae ,Dendrortyx,leucophrys,Perdiz Montañera ,Buffy-crowned Wood-Partridge,"Dendrortyx leucophrys, Buffy-crowned Wood-Partridge, Perdiz Montañera ",,Chirrascuá,28
Dolichonyx oryzivorus,Animalia,Chordata,Aves,Passeriformes,Icteridae ,Dolichonyx,oryzivorus,Tordo Arrocero,Bobolink,"Dolichonyx oryzivorus, Bobolink, Tordo Arrocero",,,354
Dryocopus lineatus,Animalia,Chordata,Aves,Piciformes,Picidae ,Dryocopus,lineatus,Carpintero Lineado,Lineated Woodpecker,"Dryocopus lineatus, Lineated Woodpecker, Carpintero Lineado",,,198
Dysithamnus mentalis,Animalia,Chordata,Aves,Passeriformes,Thamnophilidae ,Dysithamnus,mentalis,Batarito Cabecigrís,Plain Antvireo,"Dysithamnus mentalis, Plain Antvireo, Batarito Cabecigrís",,,218
Egretta caerulea,Animalia,Chordata,Aves,Pelecaniformes,Ardeidae ,Egretta,caerulea,Garceta Azul ,Little Blue Heron,"Egretta caerulea, Little Blue Heron, Garceta Azul ",,Garza Negra,60
Egretta rufescens,Animalia,Chordata,Aves,Pelecaniformes,Ardeidae ,Egretta,rufescens,Garceta Rojiza,Reddish Egret,"Egretta rufescens, Reddish Egret, Garceta Rojiza",,,58
Elanoides forficatus,Animalia,Chordata,Aves,Accipitriformes,Accipitridae ,Elanoides,forficatus,Elanio Tijereta ,Swallow-tailed Kite ,"Elanoides forficatus, Swallow-tailed Kite , Elanio Tijereta ",,Gavilán Tijereta,98
Empidonax minimus,Animalia,Chordata,Aves,Passeriformes,Tyrannidae ,Empidonax,minimus,Mosquerito Chebec,Least Flycatcher,"Empidonax minimus, Least Flycatcher, Mosquerito Chebec",,,242
Empidonax virescens,Animalia,Chordata,Aves,Passeriformes,Tyrannidae ,Empidonax,virescens,Mosquerito Verdoso,Acadian Flycatcher,"Empidonax virescens, Acadian Flycatcher, Mosquerito Verdoso",,,242
Eucometis  penicillata,Animalia,Chordata,Aves,Passeriformes,Thraupidae ,Eucometis,penicillata,Tangara Cabecigrís,Gray-headed Tanager,"Eucometis  penicillata, Gray-headed Tanager, Tangara Cabecigrís",,,314
Eudocimus albus,Animalia,Chordata,Aves,Pelecaniformes,Threskiornithidae ,Eudocimus,albus,Ibis Blanco ,White Ibis,"Eudocimus albus, White Ibis, Ibis Blanco ",,Coco,64
Euphonia minuta,Animalia,Chordata,Aves,Passeriformes,Fringillidae ,Euphonia,minuta,Eufonia Menuda ,White-vented Euphonia,"Euphonia minuta, White-vented Euphonia, Eufonia Menuda ",,"Finito Canario, Canarito, Canaria, Agüio",366
Formicarius nigricapillus,Animalia,Chordata,Aves,Passeriformes,Formicariidae ,Formicarius,nigricapillus,Gallito Hormiguero Cabecinegro,Black-headed Antthrush,"Formicarius nigricapillus, Black-headed Antthrush, Gallito Hormiguero Cabecinegro",,,224
Fulica americana,Animalia,Chordata,Aves,Gruiformes,Rallidae ,Fulica,americana,Focha Americana,American Coot,"Fulica americana, American Coot, Focha Americana",,,84
Galbula ruficauda,Animalia,Chordata,Aves,Piciformes,Galbulidae ,Galbula,ruficauda,Jacamar Rabirrufo ,Rufous-tailed Jacamar,"Galbula ruficauda, Rufous-tailed Jacamar, Jacamar Rabirrufo ",,Gorrión de Montaña,190
Geotrygon violacea,Animalia,Chordata,Aves,Columbiformes,Columbidae ,Geotrygon,violacea,Paloma-Perdiz Violácea,Violaceous Quail-Dove,"Geotrygon violacea, Violaceous Quail-Dove, Paloma-Perdiz Violácea",,,166
Geranospiza caerulescens,Animalia,Chordata,Aves,Accipitriformes,Accipitridae ,Geranospiza,caerulescens,Gavilán Ranero ,Crane Hawk,"Geranospiza caerulescens, Crane Hawk, Gavilán Ranero ",,Caracolero,96
Glaucidium griseiceps,Animalia,Chordata,Aves,Accipitriformes,Strigidae ,Glaucidium,griseiceps,Mochuelo Enano,Central American Pygmy-Owl,"Glaucidium griseiceps, Central American Pygmy-Owl, Mochuelo Enano",,,122
Glaucis aeneus,Animalia,Chordata,Aves,Apodiformes,Trochilidae ,Glaucis,aeneus,Ermitaño Bronceado,Bronzy Hermit,"Glaucis aeneus, Bronzy Hermit, Ermitaño Bronceado",,,140
Gygis alba ,Animalia,Chordata,Aves,Charadriiformes,Laridae ,Gygis,alba,Charrán Blanco ,White Tern,"Gygis alba , White Tern, Charrán Blanco ",,Palomita del Espíritu Santo,368
Gymnopithys bicolor,Animalia,Chordata,Aves,Passeriformes,Thamnophilidae ,Gymnopithys,bicolor,Hormiguero Bicolor,Bicolored Antbird,"Gymnopithys bicolor, Bicolored Antbird, Hormiguero Bicolor",,,216
Heliodoxa jacula,Animalia,Chordata,Aves,Apodiformes,Trochilidae ,Heliodoxa,jacula,Colibrí Brillante Frentiverde,Green-crowned Brilliant,"Heliodoxa jacula, Green-crowned Brilliant, Colibrí Brillante Frentiverde",,,142
Heliomaster longirostris,Animalia,Chordata,Aves,Apodiformes,Trochilidae ,Heliomaster,longirostris,Colibrí Piquilargo ,Long-billed Starthroat,"Heliomaster longirostris, Long-billed Starthroat, Colibrí Piquilargo ",,Pochotero del Sur,154
Himantopus mexicanus,Animalia,Chordata,Aves,Charadriiformes,Recurvirostridae ,Himantopus,mexicanus,Cigüeñuela Cuellinegro ,Black-necked Stilt,"Himantopus mexicanus, Black-necked Stilt, Cigüeñuela Cuellinegro ",,Soldadito,72
Hirundo rustica,Animalia,Chordata,Aves,Passeriformes,Hirundinidae ,Hirundo,rustica,Golondrina Tijereta,Barn Swallow,"Hirundo rustica, Barn Swallow, Golondrina Tijereta",,,138
Hydropsalis cayennensis,Animalia,Chordata,Aves,Caprimulgiformes,Caprimulgidae ,Hydropsalis,cayennensis,Chotacabras Coliblanco,White-tailed Nightjar,"Hydropsalis cayennensis, White-tailed Nightjar, Chotacabras Coliblanco",,,128
Hylopezus dives,Animalia,Chordata,Aves,Passeriformes,Grallariidae ,Hylopezus,dives,Tororoi Pechicanelo ,Thicket Antpitta,"Hylopezus dives, Thicket Antpitta, Tororoi Pechicanelo ",,Hormiguero,222
Ictinia plumbea,Animalia,Chordata,Aves,Accipitriformes,Accipitridae ,Ictinia,plumbea,Elanio Plomizo,Plumbeous Kite,"Ictinia plumbea, Plumbeous Kite, Elanio Plomizo",,,98
Laniocera rufescens,Animalia,Chordata,Aves,Passeriformes,Tityridae ,Laniocera,rufescens,Plañidera Moteada,Speckled Mourner,"Laniocera rufescens, Speckled Mourner, Plañidera Moteada",,,254
Larus occidentalis,Animalia,Chordata,Aves,Charadriiformes,Laridae ,Larus,occidentalis,Gaviota Occidental,Western Gull,"Larus occidentalis, Western Gull, Gaviota Occidental",,,
Laterallus albigularis ,Animalia,Chordata,Aves,Gruiformes,Rallidae ,Laterallus,albigularis,Polluela Gargantiblanca ,White-throated Crake,"Laterallus albigularis , White-throated Crake, Polluela Gargantiblanca ",,"Freidora, Huevo frito",88
Laterallus exilis,Animalia,Chordata,Aves,Gruiformes,Rallidae ,Laterallus,exilis,Polluela Pechigrís,Gray-breasted Crake,"Laterallus exilis, Gray-breasted Crake, Polluela Pechigrís",,,88
Laterallus jamaicensis,Animalia,Chordata,Aves,Gruiformes,Rallidae ,Laterallus,jamaicensis,Polluela Negra,Black Rail,"Laterallus jamaicensis, Black Rail, Polluela Negra",,,88
Lepidocolaptes affinis,Animalia,Chordata,Aves,Passeriformes,Furnariidae ,Lepidocolaptes,affinis,Trepador Cabecipunteado,Spot-crowned Woodcreeper,"Lepidocolaptes affinis, Spot-crowned Woodcreeper, Trepador Cabecipunteado",,,204
Lepidothrix coronata,Animalia,Chordata,Aves,Passeriformes,Pipridae ,Lepidothrix,coronata,Saltarín Coroniceleste,Blue-crowned Manakin,"Lepidothrix coronata, Blue-crowned Manakin, Saltarín Coroniceleste",,,258
Leptodon cayanensis,Animalia,Chordata,Aves,Accipitriformes,Accipitridae ,Leptodon,cayanensis,Gavilán Cabecigrís,Gray-headed Kite,"Leptodon cayanensis, Gray-headed Kite, Gavilán Cabecigrís",,,92
Leptopogon superciliaris,Animalia,Chordata,Aves,Passeriformes,Tyrannidae ,Leptopogon,superciliaris,Mosquerito Orejinegro,Slaty-capped Flycatcher,"Leptopogon superciliaris, Slaty-capped Flycatcher, Mosquerito Orejinegro",,,232
Leptotila cassinii,Animalia,Chordata,Aves,Columbiformes,Columbidae ,Leptotila,cassinii,Paloma Pechigrís ,Gray-chested Dove,"Leptotila cassinii, Gray-chested Dove, Paloma Pechigrís ",,Yuré,164
Leptotrygon veraguensis,Animalia,Chordata,Aves,Columbiformes,Columbidae ,Leptotrygon,veraguensis,Paloma-Perdiz Bigotiblanca,Olive-backed Quail-Dove,"Leptotrygon veraguensis, Olive-backed Quail-Dove, Paloma-Perdiz Bigotiblanca",,,166
Leucophaeus modestus,Animalia,Chordata,Aves,Charadriiformes,Laridae ,Leucophaeus,modestus,Gaviota Torero,Gray Gull,"Leucophaeus modestus, Gray Gull, Gaviota Torero",,,378
Limnodromus griseus,Animalia,Chordata,Aves,Charadriiformes,Scolopacidae ,Limnodromus,griseus,Agujeta Común,Short-billed Dowitcher,"Limnodromus griseus, Short-billed Dowitcher, Agujeta Común",,,82
Lophotriccus pileatus,Animalia,Chordata,Aves,Passeriformes,Tyrannidae ,Lophotriccus,pileatus,Mosquerito de Yelmo,Scale-crested Pygmy-Tyrant,"Lophotriccus pileatus, Scale-crested Pygmy-Tyrant, Mosquerito de Yelmo",,,234
Lurocalis semitorquatus,Animalia,Chordata,Aves,Caprimulgiformes,Caprimulgidae ,Lurocalis,semitorquatus,Añapero Colicorto,Short-tailed Nighthawk,"Lurocalis semitorquatus, Short-tailed Nighthawk, Añapero Colicorto",,,128
Malacoptila panamensis,Animalia,Chordata,Aves,Piciformes,Bucconidae ,Malacoptila,panamensis,Buco Barbón,White-whiskered Puffbird,"Malacoptila panamensis, White-whiskered Puffbird, Buco Barbón",,,188
Mareca americana,Animalia,Chordata,Aves,Anseriformes,Anatidae ,Mareca,americana,Pato Calvo ,American Wigeon,"Mareca americana, American Wigeon, Pato Calvo ",,Carraco ,34
Megaceryle torquatus,Animalia,Chordata,Aves,Coraciiformes,Alcedinidae ,Megaceryle,torquatus,Martín Pescador Collarejo,Ringed Kingfisher,"Megaceryle torquatus, Ringed Kingfisher, Martín Pescador Collarejo",,,186
Megascops cooperi,Animalia,Chordata,Aves,Accipitriformes,Strigidae ,Megascops,cooperi,Lechucita Sabanera ,Pacific Screech-Owl,"Megascops cooperi, Pacific Screech-Owl, Lechucita Sabanera ",,"Ju de León, Estucurú o Sorococa",120
Micrastur ruficollis,Animalia,Chordata,Aves,Falconiformes,Falconidae ,Micrastur,ruficollis,Halcón de Monte Barreteado,Barred Forest-Falcon,"Micrastur ruficollis, Barred Forest-Falcon, Halcón de Monte Barreteado",,,116
Micromonacha lanceolata,Animalia,Chordata,Aves,Piciformes,Bucconidae ,Micromonacha,lanceolata,Monjito Rayado,Lanceolated Monklet,"Micromonacha lanceolata, Lanceolated Monklet, Monjito Rayado",,,188
Mionectes oleagineus,Animalia,Chordata,Aves,Passeriformes,Tyrannidae ,Mionectes,oleagineus,Mosquerito Aceitunado ,Ochre-bellied Flycatcher,"Mionectes oleagineus, Ochre-bellied Flycatcher, Mosquerito Aceitunado ",,Tontillo,236
Myiarchus nuttingi,Animalia,Chordata,Aves,Passeriformes,Tyrannidae ,Myiarchus,nuttingi,Copetón de Nutting ,Nutting's Flycatcher,"Myiarchus nuttingi, Nutting's Flycatcher, Copetón de Nutting ",,Tontillo ,246
Myioborus torquatus,Animalia,Chordata,Aves,Passeriformes,Parulidae ,Myioborus,torquatus,Candelita Collareja ,Collared Redstart,"Myioborus torquatus, Collared Redstart, Candelita Collareja ",,Amigo de Hombre,310
Myrmeciza zeledoni,Animalia,Chordata,Aves,Passeriformes,Thamnophilidae ,Myrmeciza,zeledoni,Hormiguero de Zeledón,Zeledon's Antbird,"Myrmeciza zeledoni, Zeledon's Antbird, Hormiguero de Zeledón",,,216
Neocrex erythrops,Animalia,Chordata,Aves,Gruiformes,Rallidae ,Neocrex,erythrops,Polluela Piquirroja,Paint-billed Crake ,"Neocrex erythrops, Paint-billed Crake , Polluela Piquirroja",,,86
Nesotriccus ridgwayi,Animalia,Chordata,Aves,Passeriformes,Tyrannidae ,Nesotriccus,ridgwayi,Mosquerito de la Isla del Coco,Cocos Flycatcher,"Nesotriccus ridgwayi, Cocos Flycatcher, Mosquerito de la Isla del Coco",,,370
Nomonyx dominicus,Animalia,Chordata,Aves,Anseriformes,Anatidae ,Nomonyx,dominicus,Pato Enmascarado,Masked Duck,"Nomonyx dominicus, Masked Duck, Pato Enmascarado",,,36
Numenius americanus,Animalia,Chordata,Aves,Charadriiformes,Scolopacidae ,Numenius,americanus,Zarapito Piquilargo,Long-billed Curlew,"Numenius americanus, Long-billed Curlew, Zarapito Piquilargo",,,74
Nyctibius jamaicensis,Animalia,Chordata,Aves,Nyctibiiformes,Nyctibiidae ,Nyctibius,jamaicensis,Nictibio Norteño ,Northern Potoo,"Nyctibius jamaicensis, Northern Potoo, Nictibio Norteño ",,"Pájaro Estaca, Gozona",124
Nyctidromus albicollis,Animalia,Chordata,Aves,Caprimulgiformes,Caprimulgidae ,Nyctidromus,albicollis,Tapacaminos Común ,Common Pauraque,"Nyctidromus albicollis, Common Pauraque, Tapacaminos Común ",,"Cuyeo, Pucuyo",126
Odontophorus gujanensis,Animalia,Chordata,Aves,Galliformes,Odontophoridae ,Odontophorus,gujanensis,Codorniz Corcovado ,Marbled Wood-Quail,"Odontophorus gujanensis, Marbled Wood-Quail, Codorniz Corcovado ",,,28
Odontophorus melanotis,Animalia,Chordata,Aves,Galliformes,Odontophoridae ,Odontophorus,melanotis,Codorniz Orejinegra ,Black-eared Wood-Quail,"Odontophorus melanotis, Black-eared Wood-Quail, Codorniz Orejinegra ",,"Chirrascuá, Gallinita",28
Oxyura jamaicensis,Animalia,Chordata,Aves,Anseriformes,Anatidae ,Oxyura,jamaicensis,Pato Cariblanco,Ruddy Duck,"Oxyura jamaicensis, Ruddy Duck, Pato Cariblanco",,,36
Panyptila cayennensis,Animalia,Chordata,Aves,Apodiformes,Apodidae ,Panyptila,cayennensis,Vencejo Tijereta Menor ,Lesser Swallow-tailed Swift,"Panyptila cayennensis, Lesser Swallow-tailed Swift, Vencejo Tijereta Menor ",,Macuá,132
Pardirallus maculatus,Animalia,Chordata,Aves,Gruiformes,Rallidae ,Pardirallus,maculatus,Rascón Moteado,Spotted Rail,"Pardirallus maculatus, Spotted Rail, Rascón Moteado",,,86
Patagioenas cayennensis,Animalia,Chordata,Aves,Columbiformes,Columbidae ,Patagioenas,cayennensis,Paloma Colorada ,Pale-vented Pigeon,"Patagioenas cayennensis, Pale-vented Pigeon, Paloma Colorada ",,Paloma Morada,160
Patagioenas flavirostris,Animalia,Chordata,Aves,Columbiformes,Columbidae ,Patagioenas,flavirostris,Paloma Piquirroja ,Red-billed Pigeon,"Patagioenas flavirostris, Red-billed Pigeon, Paloma Piquirroja ",,Paloma Morada Común ,160
Pelecanus occidentalis,Animalia,Chordata,Aves,Pelecaniformes,Pelecanidae ,Pelecanus,occidentalis,Pelícano Pardo,Brown Pelican,"Pelecanus occidentalis, Brown Pelican, Pelícano Pardo",,"Buchón, Pelícano, Alcatraz",38
Phaethornis longirostris,Animalia,Chordata,Aves,Apodiformes,Trochilidae ,Phaethornis,longirostris,Ermitaño Colilargo,Long-billed Hermit,"Phaethornis longirostris, Long-billed Hermit, Ermitaño Colilargo",,,140
Phaetusa simplex,Animalia,Chordata,Aves,Charadriiformes,Laridae ,Phaetusa,simplex,Charrán Picudo ,Large-billed Tern,"Phaetusa simplex, Large-billed Tern, Charrán Picudo ",,Charrán de Río,378
Phalaropus tricolor,Animalia,Chordata,Aves,Charadriiformes,Scolopacidae ,Phalaropus,tricolor,Falaropo Tricolor,Wilson's Phalarope,"Phalaropus tricolor, Wilson's Phalarope, Falaropo Tricolor",,,82
Pheucticus melanocephalus,Animalia,Chordata,Aves,Passeriformes,Cardinalidae ,Pheucticus,melanocephalus,Picogrueso Cabecinegro,Black-headed Grosbeak,"Pheucticus melanocephalus, Black-headed Grosbeak, Picogrueso Cabecinegro",,,346
Piaya cayana,Animalia,Chordata,Aves,Cuculiformes,Cuculidae ,Piaya,cayana,Cuco Ardilla,Squirrel Cuckoo,"Piaya cayana, Squirrel Cuckoo, Cuco Ardilla",,"Bobo Chiso, Cacao, San Miguel",176
Picumnus olivaceus,Animalia,Chordata,Aves,Piciformes,Picidae ,Picumnus,olivaceus,Carpinterito Oliváceo ,Olivaceous Piculet,"Picumnus olivaceus, Olivaceous Piculet, Carpinterito Oliváceo ",,Telegrafista,196
Platyrinchus coronatus,Animalia,Chordata,Aves,Passeriformes,Tyrannidae ,Platyrinchus,coronatus,Piquichato Coronirrufo,Golden-crowned Spadebill,"Platyrinchus coronatus, Golden-crowned Spadebill, Piquichato Coronirrufo",,,226
Pluvialis dominica,Animalia,Chordata,Aves,Charadriiformes,Charadriidae ,Pluvialis,dominica,Chorlito Dorado Menor,American Golden-Plover,"Pluvialis dominica, American Golden-Plover, Chorlito Dorado Menor",,,68
Pluvialis fulva,Animalia,Chordata,Aves,Charadriiformes,Charadriidae ,Pluvialis,fulva,Chorlito Dorado del Pacífico,Pacific Golden-Plover,"Pluvialis fulva, Pacific Golden-Plover, Chorlito Dorado del Pacífico",,,376
Podiceps nigricollis,Animalia,Chordata,Aves,Podicipediformes,Podicipedidae ,Podiceps,nigricollis,Zambullidor Mediano,Eared Grebe,"Podiceps nigricollis, Eared Grebe, Zambullidor Mediano",,,373
Polioptila plumbea,Animalia,Chordata,Aves,Passeriformes,Polioptilidae ,Polioptila,plumbea,Perlita Tropical ,Tropical Gnatcather,"Polioptila plumbea, Tropical Gnatcather, Perlita Tropical ",,"Espatulilla, Cazadora ",274
Pselliophorus tibialis,Animalia,Chordata,Aves,Passeriformes,Emberizidae ,Pselliophorus,tibialis,Saltón de Muslos Amarillos ,Yellow-thighed Finch,"Pselliophorus tibialis, Yellow-thighed Finch, Saltón de Muslos Amarillos ",,Calzones Amarillos,334
Pteroglossus frantzii,Animalia,Chordata,Aves,Piciformes,Ramphastidae ,Pteroglossus,frantzii,Tucancillo Piquianaranjado ,Fiery-billed Aracari,"Pteroglossus frantzii, Fiery-billed Aracari, Tucancillo Piquianaranjado ",,"Cusingo, Cachis, Filí",192
Ramphastos ambiguus,Animalia,Chordata,Aves,Piciformes,Ramphastidae ,Ramphastos,ambiguus,Tucán Pico Castaño ,Yellow-throated Toucan,"Ramphastos ambiguus, Yellow-throated Toucan, Tucán Pico Castaño ",,"Quioro, Dios te dé, Gran Curré Negro",192
Recurvirostra americana,Animalia,Chordata,Aves,Charadriiformes,Recurvirostridae ,Recurvirostra,americana,Avoceta Americana,American Avocet,"Recurvirostra americana, American Avocet, Avoceta Americana",,,72
Salpinctes obsoletus,Animalia,Chordata,Aves,Passeriformes,Troglodytidae ,Salpinctes,obsoletus,Soterrey Roquero,Rock Wren,"Salpinctes obsoletus, Rock Wren, Soterrey Roquero",,,276
Saltator atriceps,Animalia,Chordata,Aves,Passeriformes,Thraupidae ,Saltator,atriceps,Saltator Cabecinegro ,Black-headed Saltator,"Saltator atriceps, Black-headed Saltator, Saltator Cabecinegro ",,Chayotero,332
Sarkidiornis melanotos ,Animalia,Chordata,Aves,Anseriformes,Anatidae ,Sarkidiornis,melanotos,Pato Crestudo,Comb Duck,"Sarkidiornis melanotos , Comb Duck, Pato Crestudo",,,372
Sclerurus albigularis,Animalia,Chordata,Aves,Passeriformes,Furnariidae ,Sclerurus,albigularis,Tirahojas Gargantigrís,Gray-throated Leaftosser,"Sclerurus albigularis, Gray-throated Leaftosser, Tirahojas Gargantigrís",,,206
Sclerurus mexicanus,Animalia,Chordata,Aves,Passeriformes,Furnariidae ,Sclerurus,mexicanus,Tirahojas Pechirrufo,Tawny-throated Leaftosser,"Sclerurus mexicanus, Tawny-throated Leaftosser, Tirahojas Pechirrufo",,,206
Selenidera spectabilis,Animalia,Chordata,Aves,Piciformes,Ramphastidae ,Selenidera,spectabilis,Tucancillo Orejiamarillo,Yellow-eared Toucanet,"Selenidera spectabilis, Yellow-eared Toucanet, Tucancillo Orejiamarillo",,,192
Semnornis frantzii,Animalia,Chordata,Aves,Piciformes,Semnornithidae ,Semnornis,frantzii,Barbudo Cocora ,Prong-billed Barbet,"Semnornis frantzii, Prong-billed Barbet, Barbudo Cocora ",,"Cocora, Carcareón",190
Setophaga americana,Animalia,Chordata,Aves,Passeriformes,Parulidae ,Setophaga,americana,Parula Norteña,Northern Parula,"Setophaga americana, Northern Parula, Parula Norteña",,,300
Setophaga coronata,Animalia,Chordata,Aves,Passeriformes,Parulidae ,Setophaga,coronata,Reinita Lomiamarilla,Yellow-rumped Warbler,"Setophaga coronata, Yellow-rumped Warbler, Reinita Lomiamarilla",,,302
Setophaga palmarum,Animalia,Chordata,Aves,Passeriformes,Parulidae ,Setophaga,palmarum,Reinita Coronicastaña,Palm Warbler,"Setophaga palmarum, Palm Warbler, Reinita Coronicastaña",,,306
Setophaga virens,Animalia,Chordata,Aves,Passeriformes,Parulidae ,Setophaga,virens,Reinita Cariamarilla,Black-throated Green Warbler,"Setophaga virens, Black-throated Green Warbler, Reinita Cariamarilla",,,308
Spatula cyanoptera,Animalia,Chordata,Aves,Anseriformes,Anatidae ,Spatula,cyanoptera,Cerceta Castaña ,Cinnamon Teal,"Spatula cyanoptera, Cinnamon Teal, Cerceta Castaña ",,Carraco,34
Spiza americana,Animalia,Chordata,Aves,Passeriformes,Cardinalidae ,Spiza,americana,Sabanero Arrocero ,Dickcissel,"Spiza americana, Dickcissel, Sabanero Arrocero ",,"Arrocero, Pius",342
Spizaetus tyrannus,Animalia,Chordata,Aves,Accipitriformes,Accipitridae ,Spizaetus,tyrannus,Aguilillo Negro ,Black Hawk-Eagle,"Spizaetus tyrannus, Black Hawk-Eagle, Aguilillo Negro ",,Aguilucho,110
Spizella  passerina,Animalia,Chordata,Aves,Passeriformes,Emberizidae ,Spizella,passerina,Chimbito Común,Chipping Sparrow,"Spizella  passerina, Chipping Sparrow, Chimbito Común",,,338
Streptoprocne rutila,Animalia,Chordata,Aves,Apodiformes,Apodidae ,Streptoprocne,rutila,Vencejo Cuellicastaño,Chestnut-collared Swift,"Streptoprocne rutila, Chestnut-collared Swift, Vencejo Cuellicastaño",,,130
Tangara inornata,Animalia,Chordata,Aves,Passeriformes,Thraupidae ,Tangara,inornata,Tangara Cenicienta,Plain-colored Tanager,"Tangara inornata, Plain-colored Tanager, Tangara Cenicienta",,,318
Thalasseus elegans,Animalia,Chordata,Aves,Charadriiformes,Laridae ,Thalasseus,elegans,Pagaza Elegante,Elegant Tern,"Thalasseus elegans, Elegant Tern, Pagaza Elegante",,,50
Thalasseus maximus,Animalia,Chordata,Aves,Charadriiformes,Laridae ,Thalasseus,maximus,Pagaza Real,Royal Tern,"Thalasseus maximus, Royal Tern, Pagaza Real",,,50
Tinamus major,Animalia,Chordata,Aves,Tinamiformes,Tinamidae ,Tinamus,major,Tinamú Grande ,Great Tinamou,"Tinamus major, Great Tinamou, Tinamú Grande ",,"Gallina de monte, Perdiz, Gongolona, Yerre",24
Tolmomyias assimilis,Animalia,Chordata,Aves,Passeriformes,Tyrannidae ,Tolmomyias,assimilis,Piquiplano Aliamarillo,Yellow-margined Flycatcher,"Tolmomyias assimilis, Yellow-margined Flycatcher, Piquiplano Aliamarillo",,,232
Touit costaricensis,Animalia,Chordata,Aves,Psittaciformes,Psittacidae ,Touit,costaricensis,Periquito Alirrojo,Red-fronted Parrotlet,"Touit costaricensis, Red-fronted Parrotlet, Periquito Alirrojo",,,170
Tringa flavipes,Animalia,Chordata,Aves,Charadriiformes,Scolopacidae ,Tringa,flavipes,Patiamarillo Menor,Lesser Yellowlegs,"Tringa flavipes, Lesser Yellowlegs, Patiamarillo Menor",,"Pijije, Zarceta",74
Trogon rufus,Animalia,Chordata,Aves,Trogoniformes,Trogonidae ,Trogon,rufus,Trogón Cabeciverde,Black-throated Trogon,"Trogon rufus, Black-throated Trogon, Trogón Cabeciverde",,,178
Vireo carmioli,Animalia,Chordata,Aves,Passeriformes,Vireonidae ,Vireo,carmioli,Vireo Aliamarillo,Yellow-winged Vireo,"Vireo carmioli, Yellow-winged Vireo, Vireo Aliamarillo",,,284
Vireo gilvus,Animalia,Chordata,Aves,Passeriformes,Vireonidae ,Vireo,gilvus,Vireo Canoro,Warbling Vireo,"Vireo gilvus, Warbling Vireo, Vireo Canoro",,,286
Vireo griseus,Animalia,Chordata,Aves,Passeriformes,Vireonidae ,Vireo,griseus,Vireo Ojiblanco,White-eyed Vireo,"Vireo griseus, White-eyed Vireo, Vireo Ojiblanco",,,284
Vireo leucophrys,Animalia,Chordata,Aves,Passeriformes,Vireonidae ,Vireo,leucophrys,Vireo Montañero,Brown-capped Vireo,"Vireo leucophrys, Brown-capped Vireo, Vireo Montañero",,,286
Vireo olivaceus,Animalia,Chordata,Aves,Passeriformes,Vireonidae ,Vireo,olivaceus,Vireo Ojirrojo,Red-eyed Vireo,"Vireo olivaceus, Red-eyed Vireo, Vireo Ojirrojo",,Chiguisa,286
Xiphocolaptes promeropirhynchus,Animalia,Chordata,Aves,Passeriformes,Furnariidae ,Xiphocolaptes,promeropirhynchus,Trepador Gigante,Strong-billed Woodcreeper,"Xiphocolaptes promeropirhynchus, Strong-billed Woodcreeper, Trepador Gigante",,,206
Zeledonia coronata,Animalia,Chordata,Aves,Passeriformes,Parulidae ,Zeledonia,coronata,Zeledonia,Wrenthrush,"Zeledonia coronata, Wrenthrush, Zeledonia",,,312
Zentrygon chiriquensis,Animalia,Chordata,Aves,Columbiformes,Columbidae ,Zentrygon,chiriquensis,Paloma-Perdiz Pechicanela,Chiriqui Quail-Dove,"Zentrygon chiriquensis, Chiriqui Quail-Dove, Paloma-Perdiz Pechicanela",,,166
Zentrygon costaricensis,Animalia,Chordata,Aves,Columbiformes,Columbidae ,Zentrygon,costaricensis,Paloma-Perdiz Costarriqueña,Buff-fronted Quail-Dove,"Zentrygon costaricensis, Buff-fronted Quail-Dove, Paloma-Perdiz Costarriqueña",,,166
Zentrygon lawrencii,Animalia,Chordata,Aves,Columbiformes,Columbidae ,Zentrygon,lawrencii,Paloma-Perdiz Sombría,Purplish-backed Quail-Dove,"Zentrygon lawrencii, Purplish-backed Quail-Dove, Paloma-Perdiz Sombría",,,166